<?xml version="1.0" encoding="UTF-8"?>
<project-private xmlns="http://www.netbeans.org/ns/project-private/1">
    <editor-bookmarks xmlns="http://www.netbeans.org/ns/editor-bookmarks/1"/>
    <editor-bookmarks xmlns="http://www.netbeans.org/ns/editor-bookmarks/2" lastBookmarkId="0"/>
    <open-files xmlns="http://www.netbeans.org/ns/projectui-open-files/2">
        <group>
            <file>file:/C:/Users/bedos/Downloads/PrototipoProjetoPOO2025/src/Auxiliar/Consts.java</file>
            <file>file:/C:/Users/bedos/Downloads/PrototipoProjetoPOO2025/src/Auxiliar/Desenho.java</file>
            <file>file:/C:/Users/bedos/Downloads/PrototipoProjetoPOO2025/src/Auxiliar/Posicao.java</file>
            <file>file:/C:/Users/bedos/Downloads/PrototipoProjetoPOO2025/src/Controler/FaseTeste.java</file>
            <file>file:/C:/Users/bedos/Downloads/PrototipoProjetoPOO2025/src/Controler/Fase.java</file>
            <file>file:/C:/Users/bedos/Downloads/PrototipoProjetoPOO2025/src/Controler/Tela.java</file>
            <file>file:/C:/Users/bedos/Downloads/PrototipoProjetoPOO2025/src/Controler/Fase1.java</file>
            <file>file:/C:/Users/bedos/Downloads/PrototipoProjetoPOO2025/src/Controler/ControleDeJogo.java</file>
            <file>file:/C:/Users/bedos/Downloads/PrototipoProjetoPOO2025/src/Modelo/Personagem.java</file>
            <file>file:/C:/Users/bedos/Downloads/PrototipoProjetoPOO2025/src/Modelo/Hero.java</file>
            <file>file:/C:/Users/bedos/Downloads/PrototipoProjetoPOO2025/src/Modelo/Bullet.java</file>
            <file>file:/C:/Users/bedos/Downloads/PrototipoProjetoPOO2025/src/Modelo/Explosao.java</file>
            <file>file:/C:/Users/bedos/Downloads/PrototipoProjetoPOO2025/src/Modelo/LancaChamas.java</file>
            <file>file:/C:/Users/bedos/Downloads/PrototipoProjetoPOO2025/src/Modelo/SaidaFase.java</file>
        </group>
    </open-files>
</project-private>
